Key,Probability
0x9a8bbbbc649765eb,0.00219727
0xea8c80924282499b,0
0x24bdf0b38da5e1b4,0
0xa4190f094b41f84f,0.00170898
0xf840cad976dae73b,0.00170898
0x81a19fadfd5661b8,0.00170898
0x1aa2fceb3b8ed363,0.00213623
0xdb5075054113c4e3,0.00213623
0x48bc80692dc8ed0b,0
0x74d96722c8d41c93,0.00201416
0xbed397260cfa64c6,0
0xf78ac6be9542867b,0.0020752
0x15f44c4b1f8abefc,0.00231934
0xc9e49438590ae8d5,0
0xc18224838ac699ac,0
0x54c4fc96b93265b7,0.0020752
0x6c66546a93770f69,0
0x1c828630e6ac8ca7,0
0xe590e06831c911e3,0
0x2174a6c7d5d2973,0
0xa7ff61ee8513f815,0.0022583
0xdc28846484d917a2,0
0x898f3b55259c90e9,0
0xef456b53559e97d9,0
0xc966df3797045779,0
0x2cbf42f81d57ebbe,0
0xf0ed9e7e2be15dc7,0
0x10260d1777d0d614,0.00158691
0x31e38013d626851a,0
0xff8512476ac7477d,0
0x512fc3c8edd45a1e,0.00140381
0xd8e70a67d76c92cd,0.00238037
0x74ce5cfb712826f4,0.00177002
0xedce47277ef83e69,0.00158691
0xd8d423ebd63c421f,0.00164795
0x4a6773336f7fd47c,0.00231934
0x24a2bb25681da78a,0.00213623
0xbdaba2db9db8793b,0.00189209
0x8f39ef3ccfb83613,0
0xa1a51de2906d1292,0
0x1ac912acac58a570,0
0xd3693f99110adbda,0
0x72942dd05a69f656,0.00189209
0x919997ee3563081b,0
0xdda05236fc1d72fb,0
0xef58e6583d791077,0.00183105
0x88b69b4645d39a2d,0.00189209
0xe863f121e3b61a9d,0.00164795
0x187833db776c34fd,0.00201416
0x3be294219bc5f5a7,0
0x3b6476d3b535bd9f,0.00195312
0xa6cecf480ebeedfa,0.00158691
0xb97fb0284d9ba042,0
0xb74a75648f3b6d27,0.00177002
0xf423e2d7c17a3be0,0
0x861958e2a40ce16a,0.00152588
0xc5ce4f30ad430f00,0
0x18b168c5fec6d1a6,0
0x727ac30ac92fda4e,0.00213623
0xfc2651129ca96bd,0
0x47b402b84d4d78b8,0
0xfb8ba355f4b98048,0.00189209
0xee199a3a6e38ef1c,0.00201416
0x66095bf1776bb2e6,0
0xea50c63d25ae8d2a,0.00201416
0x303742cbc41eea6f,0.00109863
0xda689b131e0794e3,0
0x6eb52df2be5d4b0,0
0x4a24cef01e468bb2,0.00189209
0x362726af2eb571ce,0
0x2e6d5b00d8a6585,0.00201416
0xf5865bd31aa0af82,0.00195312
0x24ab6117c03aff44,0.00195312
0x4f22e8d3067e6316,0.00134277
0x1ece65d6faa8e408,0.00164795
0xd68826ee27b49f81,0
0x4a1d70ba4d7ac612,0.00152588
0x86614af922caf5e7,0.00201416
0x18ca5d00e4f43a72,0.00213623
0x9797a46217e73f21,0
0xd6dda806e9cd86dd,0.00219727
0x6f63b32aebf0c577,0
0xcbdf253bf6b9cce0,0
0x109d24c64a7f9f,0.00152588
0x2f17c5b77bb6d445,0.0022583
0xbcd25ca763d1a04b,0.00183105
0xf173c7c8cbded13f,0.0012207
0xeffba89d0c4f817d,0
0x30eefc5a7da75199,0.00201416
0xb25757141071e332,0
0x66fbdfa241864af5,0.00164795
0xec869168fc1e58e3,0.00140381
0x950a9f156fe58531,0
0x465fd8b2eb005c68,0.00219727
0x862da7ea29511dd3,0.0012207
0xbbcc3a471e5653bd,0.00177002
0x30f049fa51a1a58a,0
0x9d46d92ba3bfc689,0.00158691
0xd8705fd9d9bbbc9d,0.00158691
0xd82a2aabdfef7fd7,0
0x7d6a6f4bd421f87f,0.0020752
0x49a6875a548ca413,0.00262451
0xdd529b2c8aad3d1d,0.00158691
0xff73e914988b5ce0,0
0x9a35f5a9a92a16c7,0.00292969
0x3bbb66a1119c17ae,0.00195312
0xeb417e18785e8719,0.00231934
0x10937fd9cabfe1b2,0
0x5bf9c125c56ec2ee,0.00189209
0xdbc07a13eee2067d,0.00286865
0x6a44817d6a5b0b61,0.00213623
0x78d78ccff921b43d,0.00164795
0x984c9991a9e3a989,0.0020752
0xa72c551ea2ee6d61,0.0020752
0xe01582bcc7dc2ba,0
0xae8f4c2487d14d40,0.0010376
0x3f108b65cd0bdc48,0
0xaf6682d11863f51c,0.00158691
0xaef5997218e22e4a,0
0x1af1a93c5b9f88c,0
0xaab4d49d36abbb05,0
0xb407bb8e184d46,0
0x3ab2ced67b01a71e,0.00177002
0xcce6144637e6edd6,0.00213623
0xfc20e25bb4e4a9b7,0.0020752
0x27248b1d8e4d61e3,0
0x319f820e406c1f48,0
0x8c04f67f2bd7c4c3,0
0x86a96e6a1cc19dbb,0
0xb465744d352ad83,0.0020752
0x249faa5930ee3336,0.00250244
0x424585989534acd9,0.00238037
0x7d063d61cb3bc0f,0.00195312
0xf78bff9e4929e125,0.00177002
0xb16192e2e288a2cc,0
0xe5b019cae38c988e,0.00219727
0xc657d9b0b00ed2b3,0
0x7f74be580dbb8b5f,0.00201416
0x55c11cae20485f43,0.00152588
0x9dec8e032bfca7ff,0
0x5c2e5a6ca75efecc,0.00158691
0xbe289d1b2c41fd2c,0.00231934
0xe589a79597b0ce28,0.00152588
0x6bb3320f148da4b,0
0xad00e8c547dd6ad3,0
0x215c5e73366ff9c3,0.00238037
0xc26861c314a67a02,0.00177002
0x3033def362a50823,0
0x6d3c273d18c416b3,0
0x599482a8ae5ee467,0.00177002
0x6df12a2cc5613610,0.00256348
0x95fb548370b76d4a,0
0xb641f1328207ba88,0.00213623
0x8b0d4017ff22918e,0
0x16a2350587918706,0.00189209
0x4d02551d349caa7a,0.00183105
0xa03e80e9c39e2468,0
0x3e6d506ff09c9d84,0
0x5513ae9cbdf7d5ec,0
0x2f03f0f258e5b1d4,0.00170898
0x22b5bc30a08e3d51,0.00219727
0x443476aed5849e5d,0
0x1daef4380bf8099,0
0xa186a6d0663a6bb5,0.00128174
0x951456d2d5d4f14f,0.00231934
0x39a1cf43a76ebe4d,0
0xc87b9b68bcb277f7,0.00183105
0xd149ea200b4f5d44,0.00189209
0xab87abe64d5a3742,0.00213623
0xb15b6ebd20c3132,0.00164795
0x3c283d0178ee7f3d,0
0x5cde3fa5f752f32,0
0x7431a31d69dd54,0.00231934
0xb0f4c021a1c7a610,0
0x97156e723dfd2592,0
0x1636a783dc820c1a,0
0x72ef37f4b00425a4,0.00195312
0x987abe4019eb128a,0.00238037
0x67f8a4f62fcdf103,0.00195312
0xf9ced2083ba4f32a,0
0xbb6f32aa8d4d452c,0
0xa09fd5077f2148ee,0.00219727
0x591d597cfd1b658f,0
0x713f3b76a134b5ed,0.00189209
0x5132a89e65a7ad9a,0.00195312
0xbffa8a134cfbf437,0
0xb72972651d83a42,0.00201416
0x969869a311916b3e,0.00201416
0x69f5ebeb4b9d03fc,0.00195312
0xa37d5a8e4f2c7ae8,0
0xdbca9182616efff6,0
0xcf1d359b06119f4c,0
0xb98b1b6a3bf864d2,0
0xb3531c830fb32cd9,0.00201416
0xa79eef43ef0a131b,0
0x75db979c26f85555,0.00189209
0x23700d2b138a0d7e,0
0x363b06f8197a1949,0
0x10eb921c4081b4f3,0
0xaa4a9ea8d0c413d3,0.00183105
0x95aecf07a75ee562,0.00109863
0x9bf520abd7df2f8e,0.00219727
0x73a8eec5e1aff60b,0.00177002
0x608e0e3644a52778,0
0x4c4f3cff812b9fa9,0.0022583
0x8a981704afb5923d,0
0xdf69fb11a1dda74b,0.00231934
0xb2ba11aa104d7886,0.00219727
0xa9e02fcb8bf58406,0.00213623
0x88dbfc5ac844a2c0,0.00201416
0x3d4578f8f203e722,0.0020752
0x49a735acd3c3ac51,0.00189209
0xb4bf43dd38fe7c5c,0
0xa39d36b6781b4b30,0.00213623
0xf8a166c536055d71,0.00195312
0x7912a6428968a2da,0.00146484
0xd7de9cf17ab60279,0
0xca5eca39b6cca79c,0.00219727
0x52200d2a899ffa13,0.00201416
0xc9c46aeeb05f3e07,0.0020752
0x629559f57ae1641c,0
0xc4e7c21d8c04ab46,0.00238037
0x3e5af4f68239c8d5,0.00231934
0x355c391e061eee84,0
0x2d43e345cad831bb,0.00244141
0x936aa5d1a727ea79,0
0x6db40c04b6e17764,0.0020752
0x930b9990dc332935,0
0x1134df63770ad113,0.00140381
0x655fe007bb318e7e,0.00213623
0xe3d399b4eba89b9c,0.00146484
0x8ca50447e4d3ba27,0
0xac8e79f35e1f8b85,0
0x717d828e631a7142,0.00189209
0x9dc6623c99dcf709,0.00231934
0x82dd30c90289751f,0
0x165db47ed53d4c50,0
0xdb6ad7a92a53e5f9,0.00183105
0x83aa24b385c16ed5,0.00189209
0xd9c5b6ec7f98bd6c,0.00189209
0x9d6d82e1dd4a8fbc,0.00158691
0x3e19eaad72024036,0.00201416
0xa2e2ef17711ce4c1,0
0x68f4fafe991d537e,0.00201416
0x63f8b2819d89ed8a,0.0020752
0x28ec6e86e9d768ef,0.00140381
0xeae6c6926b00c90b,0
0x6200f6dcac095e90,0.00201416
0x3f1e4e4525fef050,0.00262451
0xf4b5ba2285696496,0.00231934
0xc32246244f0e28,0.00201416
0x68e730ad65df4da6,0.0020752
0x5166c620b3094078,0.00183105
0x4ffcb4b27b97f532,0.00213623
0x3a9a8e48684edf88,0
0xc1d68d62550e1248,0.00158691
0xdc59138795d26cc7,0.00195312
0xb926a37af7ad3371,0.0022583
0xd5ae763d864dbdab,0.0020752
0x874c9ced788c9463,0.00177002
0x2f6aed816baa4be7,0
0xdaad19179bdfa736,0.00213623
0x137c6b4f8db0dd77,0.00256348
0xead2791eaf561a1,0
0x16ea0038e643a364,0.00170898
0xd451170a4b0e79aa,0.00152588
0xe87e7c017c2ed8f8,0.0020752
0x79092fad1a72fa0d,0
0x28348114832b6ffc,0.00189209
0x8647244bfe05fad8,0.00115967
0x2911698955eea299,0.00183105
0x24a0d0573fe8d2f4,0.00177002
0x473fbbb7db897b69,0.00238037
0xa48fe83b142939ac,0.00213623
0x3721a9d4f2b2ad8c,0
0x97636115ea121bb0,0.00183105
0x482fcdba3b0cf68c,0
0x411dead0d0445fc1,0.00195312
0x46b34d288829dc87,0.0022583
0x2ba2dcf6b396b84b,0
0xbc3e54efdc334d17,0
0x91cb8e3c3e537121,0.00146484
0x832a4aa8ce673363,0.00244141
0x1de24175605e5c07,0.00195312
0x6b8dd7a43ec3c86c,0.00195312
0x1b0f4ea7899b7a5d,0.00201416
0xd9e4cbce020386c4,0.00195312
0x1a61ef910ce2176a,0
0xbd76eebf13b6c128,0
0xf771c534dcbf4cfb,0.00170898
0xfa180e0644cf4076,0.00177002
0xaadee9a5341b3900,0
0x77a2e7d267f619db,0
0x3cf57880bf4863b5,0
0x226ba02ce325cbec,0
0x732724cc27a1ff83,0
0x9944ab0831ab0113,0.00195312
0xc8253144b3c691dc,0.0020752
0xa5b558eac12a6c2,0.00244141
0x3448b24e62f03bac,0.00195312
0x3ba2db04132f7fe5,0.0012207
0x1e43aa7e2a481e05,0.00244141
0x84aec9f729e4392a,0.0020752
0x62334d7e048cd917,0
0x494872443ef8011b,0.00177002
0x9d916070ec40e083,0.00170898
0xe9dc70a2788664f6,0.00219727
0x79fe06ce2d4c7457,0
0x8119bb12653624e0,0.00244141
0xa068d4dfb20713b8,0.00134277
0x1f4e28171ffa63b3,0
0x3510c89a9c722ba2,0.00250244
0x6f1fde97ddd74f16,0
0x944f48726219b4cb,0.00177002
0xeab750684f7a3183,0
0xd3d52c55734bec18,0
0x46dd664c7a4c24,0
0xed7f4b6d675ae88d,0.00177002
0xde06be0782d3b318,0
0xbed3cf6042073fb6,0.00189209
0x4f437321bdfbdc62,0.00170898
0xeab9ad7b0f3f4346,0
0x1213cb6cc2f64190,0.0022583
0x7f04835c3a753ec3,0.00170898
0x38e6908da8014b88,0
0xabaeb09c1efa0f58,0.00189209
0x7e6b790d90dcb30c,0.00152588
0x36d00e8eb249277c,0.00158691
0x6a798a429955006e,0.0020752
0xf063606d70eebca7,0.00213623
0xd9eb99ddf1d23512,0
0x4c378ecc3993ed3d,0.00164795
0x66728b6d3fd2e440,0
0x394b093d5ac2aa8b,0.00177002
0xfc12d3289ecdb058,0
0x788f90dc93e6533f,0.00213623
0x67eb8600967d7d3a,0
0x407164647505b1fd,0.00292969
0x505c80346240f478,0
0x8c830aacf04b120c,0
0xf7f11c287676ebc3,0.00152588
0xfe3d844cfe6f08d4,0
0xdd58ad3854918c74,0.00189209
0x584fd5114a4ae7c2,0
0xc137b5cb1fe7e9f,0.00213623
0x29b8e0e9b9aeb536,0.00183105
0x7b4f19bf36461503,0
0xe974e92fb8d0bde9,0.00170898
0x8a39fe99a790bcf4,0
0x22765a8ffc24aad2,0.00201416
0xb22858968160a7ff,0.00183105
0xc8be691433b7028e,0.00183105
0xfc1dd4260724dfca,0.00201416
0x8639f5993045830f,0.00183105
0xb4ec43b31261e0c1,0
0x898c02af9329e450,0.00152588
0xb5af80dcba4b26b1,0.00170898
0xef4bd15bb5329b56,0.00164795
0xd224b585e3109067,0
0x22239b8993e8027f,0.0022583
0xb43d3606704cf4b8,0.0020752
0x64e4f3bd0eb9c79c,0.00213623
0xf04fa958f70e92f,0.00164795
0x310f9bbf7d8f5229,0.0010376
0x3bd0ef0a827094fc,0.00183105
0xd8ef57a09ea8c04c,0.00170898
0x240774a8a3e89dac,0.0020752
0xb9d237a5096d7ff7,0.00189209
0x85a3316bf0cb049e,0
0x362e2f6a82c1e077,0
0x108326a9f80861ce,0
0x70d32a4913f4507f,0.00201416
0xfc3a79e2ca51b50a,0
0xf5d9e35e56cada0b,0.00177002
0xb421127263358011,0
0xb2bcf4ce8e8c236a,0.00238037
0xa0a227a5e8bc7840,0
0x5273418f97023479,0.00183105
0x875ed0589aec8421,0.00170898
0x1242d81881a79b2b,0.00195312
0x8718287dadd09a42,0
0xe4d512f35f5d9515,0
0xfb6cd22300839de7,0
0x147449a290d90767,0.00213623
0x608f1427b3617973,0.00158691
0x4e06c0e3d86186ef,0
0x313236d7b6436ce1,0
0x4e221602ca5a466a,0.00177002
0xb9327a2b0761f2a6,0.0020752
0xe10ac728eeff5418,0
0xd0affd3f44ca3ddb,0
0x1c1783580fc94949,0.0020752
0xf85c742259e10a7e,0
0xab0cf9348b9c2145,0.0020752
0x5cd7686fe6733fc3,0.00152588
0x4149a38d154fd2dd,0.00183105
0x7800b425535927e6,0.0022583
0x1c4b0124300db359,0.00183105
0xbad5c5b6cede303b,0.00183105
0x5837268696668ed9,0.00183105
0x637ef10447de52d2,0
0x43834dc50d17fe8d,0.00256348
0xe1cceea14a47f12a,0
0xd593cc51a57441f3,0
0xebfd8911cf89b032,0.0020752
0x38ca85df7ca2bce9,0.00292969
0xe299fb9279b9b24b,0.00183105
0x8fef68c1d174725c,0
0x366bb27f3501feaf,0.00244141
0x4a26f602a57fcbde,0
0x7da908718ce27d71,0.0020752
0xdcbe7815c8927ec,0.00201416
0xda35fe1c460baddf,0.00152588
0xcbf61ad6ca74d51a,0.00231934
0xcf40bb5894ffef0e,0.00189209
0x5dd56ca720d8c520,0
0x9c496be85690b59c,0.00231934
0x3e6e4291e9aa1024,0.00213623
0x2ba5059b75fd57f8,0.00195312
0x16aee7b82e4e7b14,0.00201416
0xfcaab0711ad097eb,0.00219727
0x765dc256ae18da4b,0.00244141
0x7ac8a7d4c70670a6,0
0xda69fb65916dbb45,0.00213623
0x91414344ee2f2e6e,0.00213623
0xd0a91f9cd83d1964,0.00170898
0xaec1572a438714ac,0
0x5685a7fc9527d555,0.00250244
0xaf39ff0231821c0f,0.00213623
0xe603b97d86fa56bd,0.00152588
0x4fe87b3a569eaecc,0.00164795
0xdfe6e188eac54de9,0.00170898
0xa5754cd9daea9c9f,0.00170898
0xe27109def92942d9,0.0022583
0x325e84f016db22a,0.00231934
0x295c91e623049614,0.00238037
0xec5b380b1f7f740c,0
0xa32271c7a43a306f,0.00170898
0xd80c00302c468dce,0
0x94c4a349579594d7,0
0x68e3dc280f0b404,0.00183105
0xcc71755f74fec66b,0.00189209
0xb4434b0a24a982b9,0.00219727
0xb4a85a197d3a6fc7,0.00195312
0x67a3b0b40811d1f3,0.00213623
0x1aafb75927a4e0ad,0.00250244
0xf831f49837541365,0
0xa83ff7db0652fa25,0
0x4413f2c8177f35db,0.00299072
0x2abe243d03b2602c,0
0x533d77fe719e4805,0.00244141
0xc7472a0c6cf87750,0.00219727
0x9c1bc173a436a764,0.00146484
0x18a8de5d92af7a32,0.00183105
0x69a3a0b677411f58,0.00213623
0x4a35c80e73ba0713,0.00201416
0x1e501c18cb54b24a,0.00195312
0x3b721b80c7f02e81,0.00201416
0x356d645ca807ac1e,0
0x2b6e1179cd1fab7e,0.00250244
0xc5e849c54e705d73,0
0x1bcf1ae9e74baaed,0.00213623
0x377a5dac3569eb54,0
0x52229701bc4f800,0.00244141
0x4e74ff5072cddfaa,0
0x510859bb594ab77d,0.00219727
0xb27d5f805670c5e4,0
0x42271aa62eba3766,0
0xd79e71f759087170,0.00262451
0xd3ef2c7e55bc46fb,0.00170898
0xffaa1cf1f91e6ffc,0.00146484
0x4abbd8bae07a826c,0.00213623
0x96b30b6af851ddcc,0.00152588
0xbbba6c41291cd684,0.00201416
0x63bb438afa145e58,0.00164795
0xdab9d88be2f0a5ba,0.00219727
0xd616caa2fcf82311,0
0xb2a2157c5ca66f8b,0
0x6478355eb23fbdf,0.0020752
0xa7bcd6e8b161e4a9,0.00256348
0x59178334be6f2004,0.00146484
0xb152b8713f45e6ae,0
0xb2f9e00aeb09a8c0,0.00195312
0x6e74ae60d473c32,0
0x76374158ab4056ad,0.00213623
0xbb670ed88a9c93a6,0.00158691
0x76ba0aa6565e9e6e,0.00219727
0xb66867af4e0ee554,0.00183105
0x9ebf6f6381842312,0.00201416
0xa8a76678dec2c36c,0
0xe83111c013351d1f,0.00238037
0xc7388f054e3739f6,0.00219727
0x5cbd93ebf7e8bd81,0.00164795
0x7ae4943792eb27d9,0.0020752
0x7059e37d42e068bb,0
0x9c6cfc6cd39f8fb4,0.00140381
0x1f4e03da42bd718a,0.00177002
0xb5901bcf899e44d4,0
0xf2131ca42f2f8a6e,0
0x8cd5894dae2f7894,0.00231934
0x4870b9e02bb34f5b,0.00219727
0xf2f4c04c191a20b9,0.00238037
0x4bfc33505375ebb5,0.00183105
0x873c94956ebba484,0
0x780a0b1fbb4e3281,0
0xd3684e7adfc94f47,0.00292969
0xa17ebbfd20a8f046,0
0xefd559717f08a580,0
0xaa0fe0a35e9cc65f,0.00183105
0x85fd3bff7750e656,0.0012207
0x37ec50a8c14ea046,0
0xd6a44e0e343e3621,0
0xbd4d3f7eded8e726,0.00219727
0x548d821c6c1766c0,0.00170898
0x6e323a6eedf1b5fa,0
0x5b06a4856625e01,0.00146484
0x803972a4e003ab6e,0.00256348
0x1b27438d01ddea4c,0.00274658
0x598b4f4d6f37220,0
0x90af9aee60719ae7,0
0x679ce9b6218fa085,0
0xeb75ee6f4d7b1d99,0
0x713badce103a839,0.00195312
0xcd69d564b729ae9b,0
0x262ebe967d25b0e4,0
0x71e1c9715a7fad32,0.00244141
0x3e45b7e4719cf509,0
0x9427bc670d98c9aa,0.00213623
0x201bab7e76eb7a8b,0.00213623
0x97bee828c2fb5028,0.00164795
0xd369ac83044f8b3,0.0020752
0xa926e365e07a40d2,0
0x4c5f9a5588167f33,0.00177002
0x347ce44e280e876b,0
0x77a4fc813bfeb143,0
0x919de8e5ce781931,0.00164795
0xdd0185b2c698468b,0.00189209
0x5a4581637b615b05,0.00158691
0xae1100f0f90b905,0.00238037
0xecf94ad62f1e45c9,0.00164795
0x2fdf8d3445b7cdca,0.00195312
0xe4787c27cd2d291b,0.00177002
0xd145a416510079ae,0
0xe9a93a7a4804a52e,0.0020752
0x49dc0b57534ed2aa,0
0xa7898f5489a9a633,0.00189209
0xd7edf3c8b14ca957,0
0xa5760edd6b1a00ec,0.00170898
0x12c5d6558626180b,0.00201416
0xc15359d7da82faba,0.00299072
0x79f16b7a789d878a,0.00195312
0x6dd2547b368913ab,0
0x45b60d01d06a9bd8,0.00280762
0x6bf2338728442b3d,0
0x788d515fe7bf8bcc,0
0x9cb326b10454cbc5,0
0x21b24b202685344c,0.00177002
0xd54e1ae9a4d40772,0.0020752
0x1704a0f28582234a,0
0xb98828cf2abff0b7,0.00268555
0xcdf56e8b9cf53fca,0
0xc9245e09ba1bf335,0
0x5753f4155c6d6edd,0.00238037
0x1220486d29effccd,0.00170898
0x8e1fabeeaf3cccfa,0
0x23476e06ae813f3c,0.00152588
0x8685b094e6cfd9ee,0.00189209
0xf4aed2e255f48f81,0
0xf3f68fe793b04931,0.0022583
0x86b8c004940379c0,0.00189209
0x763539f44b57a914,0.00201416
0x31f7818c06cb11d5,0
0xe6863dd6e6230cc5,0
0x1649a5b1f54b95c6,0
0xb738fb9034e80a5,0.00213623
0xeeb8acbb68d1c736,0.00189209
0x91f57b81dfe1e4b4,0
0xaeaccc8d5d7ac877,0
0xf4f764eca5b2da7c,0
0x5013aa0405fd3fc9,0
0xc963e98d9592b8a7,0.00238037
0xfa29876c827ed304,0.00152588
0x12aed405210e43dc,0
0x811406ab8589c131,0
0xd1232b6427cc3a10,0
0x8feae8de7f7de97e,0.00183105
0x35c719307e86938a,0
0xba8a0b8b1d936130,0
0x85dc4d968425ad48,0
0x68217c8e9440f32e,0.00152588
0x945b0b9c9ba31047,0.00183105
0x46a120000675e13c,0
0x4d79aac6ade40a65,0
0xd08efcbcd3abca2b,0
0x343479ffc04dda7c,0.0020752
0xfdad04b68ccbef89,0.00256348
0xd7120762d98a47be,0.00140381
0xb6277409cd8bb4f9,0.00183105
0xc3f079ccd731cb8a,0
0x97c55f758b190943,0.00164795
0xd30714d161eb25c0,0
0x5213939a03016b43,0.0012207
0xc493c957c536b66a,0.00231934
0xa66c5609dc8d6de9,0.00195312
0x5e26c04b55cf4cf9,0.00213623
0x29bc778725d2727d,0
0xa69e60a9285900d0,0
0xa814f65bc8f97b90,0.00213623
0xa4881b3cb50ddd7c,0
0xeae211c8488923f3,0.00201416
0x7ed48d676576161,0
0x5373968110906c22,0.0020752
0xf7be63451d74834b,0.00152588
0xdd00f2fcabcaba29,0
0x6f63ef0fff117510,0
0x189921d1dd4724df,0.0022583
0x3c692edb349a100d,0
0xf0ea02f3d851bbb4,0
0xc3b36678c93b047a,0
0xdbcfd5a80e6f75d9,0
0x878cd237ac0dc438,0
0x58aa7284facf56f3,0
0x8f5d0f2851322da4,0.00177002
0x7ebe5119c09b40cb,0.00195312
0x677cab7e6588131e,0.00213623
0xad85546940799bb2,0
0x9284018f450704d1,0
0xe50b77e622d96f40,0.00183105
0xf23913e6b428664e,0.00219727
0x74d5c561e569633f,0.00183105
0x90055333c0e6d132,0
0xf07459b3ba51860b,0.00177002
0xcc623aecc5ac86bb,0.00250244
0x8aafffccc03694b8,0.00195312
0x3ce54811d58ea72,0.00177002
0x2a060932f7dce26e,0.00286865
0x4badaecd833ccd95,0.00170898
0xa5ed0f9c9633f864,0
0x58b89ef250b2407d,0.00183105
0x4a95e3da59f4a108,0.00219727
0xb1a6d71309059a97,0.0022583
0x3efa52ef6f582d82,0.00244141
0x2646498c2a75800a,0
0x5e7ef66bc8ef094e,0.00189209
0x97c0ae03dbf9b7f6,0.00256348
0x4503740e2d50e800,0
0x792e0a4e821a459a,0.00195312
0x26e6452bd33218a5,0.00231934
0x9a2c2f8e744655da,0.00189209
0x536eaad3306db7bd,0.00164795
0xb48adadf3eb35d49,0
0x3df8c7c52cd18927,0.00219727
0xca38ee5f7382c4bc,0
0x450ebca181a1993d,0.00164795
0xa0a625739e8845db,0.00177002
0x970de3ef0efbaa2c,0.00158691
0x85c17f09902d4e41,0
0x7e84a9e96f52ed33,0
0xd1675cbddd3ad9e0,0.00177002
0xfe6e82cf49d86557,0.00250244
0x804d43f28d7a8b9c,0
0xa294574aeed06b06,0.00183105
0xbb9a137e9d6a331f,0
0xfd6b29d8d84f41c9,0.00238037
0x1a175acc0b6f7b1b,0
0xb3b2dc0f94debce8,0
0x4da0ca423e16b9fc,0.00128174
0x1fd7f51a44b2cc01,0.00158691
0x4cc0316c80bab085,0.00195312
0xd6f9995e461af516,0.00183105
0xcbad6b3a2a45b653,0.00238037
0x2821b105a475645a,0.00219727
0xe5f92b746cb1ad22,0
0x5a6f274f2b165752,0.00250244
0x82ce237ffb5c23dd,0.0012207
0x644d0f4108ed1e7c,0
0x3249c1ec8593cc62,0
0x96700d44d6e6cb37,0
0xe7fa984ec213debb,0.0022583
0x7c6638e7e8e43179,0.00177002
0x7d6987256dc7343c,0
0xc71fdf39862499b5,0.00183105
0xbd75a6a9ddd3fdd5,0
0x962e783287bf27ce,0
0xe6deca14af7e6a7f,0.00213623
0x4cbb338f66c5bbef,0.00140381
0x64aa40770d683817,0
0x5ec3038411711b10,0
0x27eae95da391a77c,0
0xd348de2908c308dd,0
0x7137736dcf85233a,0.0012207
0xef033e98b074c7b0,0.00189209
0xbc9a8eb0fa08f9e9,0
0x18a18ac55b4d1c40,0.0022583
0x455f19c0406f00d,0
0x14239c1ca2f375af,0
0xde75e5c5df3c7849,0.0012207
0x1150fc6b5bd63b8d,0.00256348
0xd0cc0af6d2ebf358,0
0xe417061b6238c203,0.00201416
0x5b6a9d844acfb171,0.0020752
0xe9a3eb55512df250,0.0020752
0x79a47e79d02d8ef4,0.00128174
0xec6d529658cfc942,0.00177002
0xafb698f2ba849ee6,0.0022583
0x68f8cf392197c0e9,0
0xcf021aabcf734dde,0
0x635c2d8db51b4bb8,0.0020752
0xa5e3d1a77738f5a,0.00183105
0xe18a2b50591485b3,0
0x86fefd848ef0abb9,0.00201416
0x66dcbd8c86a3e9d9,0.00213623
0x25b82b718c8062ca,0.00201416
0xbfdbb5e8e96d71f,0.00177002
0x48753369879946ed,0.00262451
0x92922c729a17bff,0
0x264102f56190a84a,0.00262451
0x77d4930b3ac0867,0.00128174
0xd94e30f06470bffe,0
0x53954838a64aeb3c,0
0xf67f684a83ce8834,0
0xb1640c755390a4d0,0.00201416
0xb952171b9bdb6efe,0.00183105
0x7a7310eee9e0387a,0.0020752
0x81cbe4c6f76a6e3e,0.00152588
0xe3b5c68d405b25c6,0.00250244
0x5586ccca666d22d3,0
0xc4199a0ae86d6c77,0.00164795
0xfa9b863a77f089a8,0.00189209
0x50fc7766c2352ac4,0.00219727
0x112f6c3a66a86175,0.0020752
0x64c11afb9a8260de,0
0x198ad10ac812451,0
0x6f47248683b706b8,0.00250244
0xfbdc45b278c13298,0.00115967
0x18486be1e108c4b1,0
0x7db38708ec1474ce,0.00158691
0x325276f37f74e077,0.00146484
0xb7d1a5989a6fac70,0
0xa7a42e52e774221e,0.00146484
0x7c2a326327eb5249,0.00238037
0x67ffc48b88c2d7dc,0.00170898
0x33a9f554c9e41027,0.0022583
0xd2607689f1e5e72b,0
0xcbba9989b09070d5,0.00231934
0xe7ff1b2e193d7a4a,0.00213623
0xd5095f8fe31a242e,0.00231934
0xd12dedff7bf7f18f,0.00213623
0xb4b97d9ec510b77f,0.00219727
0x2386c29c11d330ef,0
0x7a2cb475065ed355,0
0x2b047619fcd11dd6,0
0xf34d1230c0c67ded,0.00256348
0x3cde752c5faa7bdd,0.00201416
0x68e329a9b8fb5ad0,0.00250244
0xfb9e7862af1654f0,0.00231934
0x5289fb9d734acfa4,0.00128174
0xa275f8c1b8002043,0.00140381
0x6d2e560c52227397,0.00189209
0x4cf07a10aa466ef2,0.00201416
0x12b526d148250cd5,0.00146484
0xb4b6a078a0583f1a,0.00201416
0x8acbfbf105d5a4e1,0
0x55952b983b022ebf,0
0x87fcd2a73315800d,0.0020752
0x21b3f759e8db8b49,0
0x3f51306042b8bf05,0
0x22af187cb3a8e59b,0.00231934
0x2662ce4e11eb4ee,0
0x110c6b78e9c0a6d1,0
0xc3344882aab3d7ca,0.00195312
0x23ef8bfb74b34610,0
0xb67a3cba9ab8d93d,0
0x8e52d7df4a213cd8,0.00195312
0xb98226d6d0877113,0
0xac23eeaff90c7c8d,0.0022583
0x424b8e6a6f0d8c88,0.00201416
0x2291fe1ffd98c7d9,0
0x60c41782bbe977c,0.00219727
0xadeb152556035615,0
0xcb05f3c28c4d7ffa,0.0022583
0x907e51631f683c5f,0.00183105
0x4045e3fdddd9541b,0.00262451
0xfeee41c5e9579756,0
0x5ccad9931fa1d81,0.00134277
0xf1f38343941ecd2d,0
0x95c1d942cf6f94bf,0
0x457a6ed23ad56b48,0.00170898
0x3442c04c731af6f0,0
0x6375b5d97892c934,0.0022583
0x7ec260225252e62e,0.00201416
0xe0c1404784da1ae7,0
0xf10db8796ce91524,0
0xc89804d13e70e3ff,0.00244141
0x722bba931d828e8e,0.00256348
0x3ecc8abd8584463c,0.00195312
0x9595a2714a1e1ad2,0
0x7687cdcb41d745a0,0.00231934
0xe0250b3a96addb72,0
0xebf2649a6e808177,0
0xe752a82b9de7c0d3,0
0xa4f9f4951182ff1f,0.00213623
0xc5125d0f2d916aac,0
0xccf650a8847557ec,0.00189209
0x3020f56b6b806bf9,0.00219727
0x567930bf0ff00d56,0.00201416
0xeb9f39ce2b9aee6e,0
0x9d83d5112555fd24,0.0022583
0xf0d8e9590939d64a,0
0xb94cd2290407b8a8,0
0xefb45e98b6a8f582,0.00268555
0xc3cbc003121f17a5,0.00134277
0xe2dd3cf631ed2e0e,0
0xf6db444fb209b7c6,0.00268555
0x6a5d4b6962b45bd,0
0xbf9f461b8a9eeda8,0.00183105
0xef061188640d2382,0
0x1215e2cec4ca1796,0
0x6cad5360243f1a40,0
0xd831f50cee31ae8f,0.00238037
0xd1d0e358ebe0c3d6,0.00183105
0x1b704ceebf562104,0
0x698aebd3982da01b,0
0xa74f02838d4512f6,0
0x6bf32491fa554cc5,0
0x38f19deab74e71f8,0.00195312
0x61043ad0c60a8a0c,0.00213623
0xc5e8bf9d9d0df8e9,0.00219727
0xa1fd55bc2cd8446b,0.00164795
0x44c72d554b2298a0,0.00250244
0xf7f06763e4f0dcd3,0.00134277
0x63f861a192a242cb,0.00262451
0x2ed28c6683060eef,0
0xf1ff009d59a53644,0
0x64f12f702ecefade,0
0x5783466a4c366051,0.00177002
0xa626d099f90ff6af,0
0x667e13b314a1b716,0.00219727
0x882f2daeeb661acc,0
0x8c688677b7bb2b19,0
0xfc8f1f38933d9e3c,0
0x7325cda7e4540f4a,0
0x6ed20ce66848112d,0.00219727
0x4917f370dc7b17ae,0.00201416
0x91c02948e50181d3,0
0x5364ea89c362a9ca,0.00268555
0x1471cf8344847428,0
0x17f3e44a904e0b0,0.0022583
0xb7ea75cb074bafd9,0.00177002
0x6885f965cd7a4ca7,0.00170898
0xe74f207520a93134,0.00219727
0xba301aa02facc923,0
0x3f477a25320e6e56,0.00146484
0x6330d453262ec606,0.00213623
0x60e5c431aeb586d1,0.00183105
0xb2745af5ae4690c3,0.00183105
0x17faca2fbf43459a,0.0012207
0x206353583217908e,0.00170898
0xc951728da3e6e5b,0.00189209
0x44c8948c49a08dbe,0.00213623
0xb1dc5a7efb6ce88f,0.00201416
0x10da4835af35675f,0
0x87a193661ed05513,0.00158691
0xb69f62392e76d722,0.0020752
0xb023f69f93b3379,0
0x5adf9889bd13d8f8,0
0x1110916c882e9dca,0.00164795
0xff78bd70006c3613,0
0x5056cbebd6a7b048,0.00183105
0x6fe1e88f3cc00992,0
0x40d768e9482c5898,0.00250244
0x11d7ead757b383c3,0.00152588
0x8d4bc152cfdde898,0.00177002
0xb5e411307b27aa2d,0
0x395e073fc2432156,0.00244141
0x3f7e5652479f91ab,0
0x5f9af554a86075c,0
0x9e7c5fe0a60f8374,0
0x1f3ce084fd885721,0.00195312
0xa66eb186d350836d,0
0x530afe3b8bb715aa,0.00189209
0xb4326d3fbd9b66fd,0.00238037
0xfe119c727e75499b,0.00183105
0xfcc16bdd800c5bb9,0.00286865
0x8f1631ee34de9bcf,0.00201416
0x5ed6a68e10b97a6b,0
0xffea28f4a5241949,0
0x2845419b1b7b7074,0.00244141
0x6733776c0b6a054c,0.00201416
0x199d10eb776618ce,0
0x2a57dc4608378175,0
0x173f88ab8fecd787,0
0x3949cd58d0bf0dcb,0.00170898
0xc7b042d64a542836,0.00213623
0x90c3a8795cf365a4,0
0xef0f198f20d5fc0b,0.0022583
0xcd01de6da7fe7820,0
0xd9e35d0f3ead00ff,0
0xc32c382a25e1b66a,0
0xe4d3f5da0237e509,0
0xfcdcc42d4b20965b,0
0x64c77a6acbdf89b3,0
0xbded6ecffcf48174,0.00189209
0xff5234e6e5c8dd17,0.0020752
0x5191200c148a1f5b,0.00177002
0x62a4f6d23b086a94,0
0x7667f1f826c86691,0.00158691
0xd6efc2958ab49435,0.00244141
0x9ea2b99ce878df2b,0.00201416
0x1b602fe416cdc22a,0
0x202abdbe350a6e63,0
0xad19ad824750f9f,0.00183105
0xd171018501d4e26e,0.00256348
0x27d3574d7bd58aa9,0.00158691
0xfe54719b9a0b4940,0.00164795
0xae6ad6daf8b79bd6,0.00201416
0xf6f8296feec8328b,0.00146484
0x448953558582ffe5,0.00219727
0xa01a49b7c157c294,0.00201416
0x23b2cc0d5a63f3e4,0
0x915bc90e59fdd935,0.00170898
0xfe27f023cd9d4f0d,0
0x1531bac3b29325ec,0.00201416
0x1de3ab9421544fbc,0.00231934
0xd734202841a075d6,0.00213623
0x9febf100985fd876,0
0xadce4cade1baeba1,0
0x8191b802bb355c83,0
0x8352985389a160e0,0.00146484
0x4e0064fef2fa78b5,0.00250244
0xb3eb6a3646270377,0.00183105
0xd08d600380fa879a,0
0x33caa61ce6df66c2,0.00189209
0xabbf562d5ca5cf98,0.00201416
0x63825407903a9828,0.0022583
0x264a859f0e939da0,0
0x9bbaaab8759d974d,0
0xf7be024b0e9b3d2a,0.00177002
0xe943710a4d6831e5,0.0020752
0x14647c71a9858730,0
0x97acf692218414fc,0.00134277
0xd1e535b64b1e71b3,0
0x6d448a9b05a2e11e,0
0xae50cdebd73e1f6c,0
0xce6555f1301342a5,0.00195312
0x1c64174f5c7172e1,0.00183105
0x3d1e724428e6ed0d,0
0x5d8384e2950e849d,0.0022583
0x4061a299fcade365,0
0xc94dbd1fc0975231,0.00201416
0x3b1aff5f9990bb42,0
0x9b7998175c043d01,0.0020752
0x1998026c8c201a54,0.00152588
0x3de0aee740999076,0
0x8d87fe87dc6cf6ed,0.00177002
0x8f53618623c704be,0
0x313dfb83a589f869,0.0022583
0x21cb66fe8926a5b8,0.00183105
0x7079b4db47e653d6,0.0022583
0x692f0e89a5225e71,0.00256348
0xb49d19cce7b72953,0.00146484
0x34badd9b88f06cec,0
0xfeea4d49e5974432,0
0xdddcc90dadc3be37,0
0x9228077d128ab61,0.00158691
0x41b14315101e6559,0.00158691
0x4336b194d05489a0,0.00183105
0xc9c7f7c04c4b9f51,0
0x3e29529a5f592c28,0.0020752
0xc1b15a2a91e82e54,0
0x926bfeb3ec661b67,0.00219727
0x8990a7c342302f4,0.00164795
0x5938c90659170d80,0
0x2aac71ba618c60b2,0
0x3b51ca05dedbb825,0
0xcb55d70fea10021e,0.00231934
0x63c9c438b09c0bca,0
0xb887fbe30abebf61,0.00177002
0xed1a963916a775d,0.00177002
0x46f39f05cd177552,0.00201416
0x1d96731db7afbf7d,0.00158691
0xdb236eac15724e8b,0
0xb854f9e937b7190f,0.00177002
0x542a708de624fb02,0.0020752
0x2975625fc30c3b97,0.00170898
0x93eb0d27400376c9,0.0020752
0x7c5544fd79599f04,0
0xbca1189abdebfc77,0
0xb404c75c47c81b3f,0
0x908050941380514c,0
0x201f73101e71de38,0.00164795
0x97a6cec20be2dca7,0.00164795
0xd51a3b9cfee4bfcc,0
0x466a2896afa77c20,0
0xfd85b5fa9fbeff12,0
0xa7d827427725d8e8,0
0xf94688bc2939d182,0.00177002
0xcb6840f9d6b889b4,0
0x4e5c417da8606d8e,0.00183105
0x5e1ee810982a8a69,0
